{"products":
		[
			    {"id":2759196675,
				"title":"oko",
				"handle":"synergistic-bronze-pants",
				"body_html":"Engineer b2c relationships",
				"published_at":"2015-09-23T20:52:12-04:00",
				"created_at":"2015-09-23T20:52:12-04:00",
				"updated_at":"2015-09-23T20:52:12-04:00",
				"vendor":"Hand, Olson and Osinski",
				"product_type":"Pants",
				"tags":["Bronze","Pants","Synergistic"],
				"variants":[{"id":8041889923,
				"title":"Lavender",
				"option1":"Lavender",
				"option2":null,
				"option3":null,
				"price":"38.94",
				"grams":4115,
				"compare_at_price":null,
				"sku":"",
				"requires_shipping":true,
				"taxable":true,
				"position":1,
				"product_id":2759196675,
				"created_at":"2015-09-23T20:52:12-04:00",
				"updated_at":"2015-09-23T20:52:12-04:00",
				"available":true,"featured_image":null},
				{
					"id":8041889987,
					"title":"Yellow",
					"option1":"Yellow",
					"option2":null,"option3":null,"price":"18.41","grams":7770,"compare_at_price":null,"sku":"","requires_shipping":true,"taxable":true,"position":2,"product_id":2759196675,"created_at":"2015-09-23T20:52:12-04:00","updated_at":"2015-09-23T20:52:12-04:00","available":true,"featured_image":null}],"images":[{"id":5642059587,"created_at":"2015-09-23T20:52:12-04:00","position":1,"updated_at":"2015-09-23T20:52:12-04:00","product_id":2759196675,"variant_ids":[],"src":"https:\/\/cdn.shopify.com\/s\/files\/1\/1000\/7970\/products\/Synergistic_20Bronze_20Pants.png?v=1443055932"}],"options":[{"name":"Title","position":1,"values":["Lavender","Yellow"]}]},{"id":2759194115,"title":"Durable Rubber Clock","handle":"durable-rubber-clock","body_html":"Syndicate granular deliverables","published_at":"2015-09-23T20:52:09-04:00","created_at":"2015-09-23T20:52:09-04:00","updated_at":"2015-09-23T20:52:09-04:00","vendor":"Schuppe Group","product_type":"Clock","tags":["Clock","Durable","Rubber"],"variants":[{"id":8041885891,"title":"Sky blue","option1":"Sky blue","option2":null,"option3":null,"price":"1.05","grams":5493,"compare_at_price":null,"sku":"","requires_shipping":true,"taxable":true,"position":1,"product_id":2759194115,"created_at":"2015-09-23T20:52:09-04:00","updated_at":"2015-09-23T20:52:09-04:00","available":true,"featured_image":null},{"id":8041885955,"title":"Azure","option1":"Azure","option2":null,"option3":null,"price":"35.38","grams":2592,"compare_at_price":null,"sku":"","requires_shipping":true,"taxable":true,"position":2,"product_id":2759194115,"created_at":"2015-09-23T20:52:09-04:00","updated_at":"2015-09-23T20:52:09-04:00","available":true,"featured_image":null}],"images":[{"id":5642058115,"created_at":"2015-09-23T20:52:09-04:00","position":1,"updated_at":"2015-09-23T20:52:09-04:00","product_id":2759194115,"variant_ids":[],"src":"https:\/\/cdn.shopify.com\/s\/files\/1\/1000\/7970\/products\/Durable_20Rubber_20Clock.png?v=1443055929"}],"options":[{"name":"Title","position":1,"values":["Sky blue","Azure"]}]},{"id":2759193219,"title":"Practical Copper Bottle","handle":"practical-copper-bottle-1","body_html":"Generate user-centric vortals","published_at":"2015-09-23T20:52:08-04:00","created_at":"2015-09-23T20:52:08-04:00","updated_at":"2015-09-23T20:52:08-04:00","vendor":"Braun, Marvin and Hayes","product_type":"Bottle","tags":["Bottle","Copper","Practical"],"variants":[{"id":8041884611,"title":"Magenta","option1":"Magenta","option2":null,"option3":null,"price":"0.04","grams":6081,"compare_at_price":null,"sku":"","requires_shipping":true,"taxable":true,"position":1,"product_id":2759193219,"created_at":"2015-09-23T20:52:08-04:00","updated_at":"2015-09-23T20:52:08-04:00","available":true,"featured_image":null},{"id":8041884675,"title":"Pink","option1":"Pink","option2":null,"option3":null,"price":"90.63","grams":1872,"compare_at_price":null,"sku":"","requires_shipping":true,"taxable":true,"position":2,"product_id":2759193219,"created_at":"2015-09-23T20:52:08-04:00","updated_at":"2015-09-23T20:52:08-04:00","available":true,"featured_image":null},{"id":8041884739,"title":"Black","option1":"Black","option2":null,"option3":null,"price":"2.91","grams":2849,"compare_at_price":null,"sku":"","requires_shipping":true,"taxable":true,"position":3,"product_id":2759193219,"created_at":"2015-09-23T20:52:08-04:00","updated_at":"2015-09-23T20:52:08-04:00","available":true,"featured_image":null},{"id":8041884867,"title":"Red","option1":"Red","option2":null,"option3":null,"price":"82.57","grams":5553,"compare_at_price":null,"sku":"","requires_shipping":true,"taxable":true,"position":4,"product_id":2759193219,"created_at":"2015-09-23T20:52:08-04:00","updated_at":"2015-09-23T20:52:08-04:00","available":true,"featured_image":null},{"id":8041885059,"title":"Olive","option1":"Olive","option2":null,"option3":null,"price":"59.34","grams":5173,"compare_at_price":null,"sku":"","requires_shipping":true,"taxable":true,"position":5,"product_id":2759193219,"created_at":"2015-09-23T20:52:08-04:00","updated_at":"2015-09-23T20:52:08-04:00","available":true,"featured_image":null}],"images":[{"id":5642057731,"created_at":"2015-09-23T20:52:08-04:00","position":1,"updated_at":"2015-09-23T20:52:08-04:00","product_id":2759193219,"variant_ids":[],"src":"https:\/\/cdn.shopify.com\/s\/files\/1\/1000\/7970\/products\/Practical_20Copper_20Bottle_94c78e0b-5fec-42dd-acee-f438de86744c.png?v=1443055928"}],"options":[{"name":"Title","position":1,"values":["Magenta","Pink","Black","Red","Olive"]}]},{"id":2759192387,"title":"Heavy Duty Concrete Keyboard","handle":"heavy-duty-concrete-keyboard","body_html":"Strategize synergistic e-markets","published_at":"2015-09-23T20:52:07-04:00","created_at":"2015-09-23T20:52:07-04:00","updated_at":"2015-09-23T20:52:07-04:00","vendor":"Stiedemann and Sons","product_type":"Keyboard","tags":["Concrete","Duty","Heavy","Keyboard"],"variants":[{"id":8041883779,"title":"Magenta","option1":"Magenta","option2":null,"option3":null,"price":"14.20","grams":3030,"compare_at_price":null,"sku":"","requires_shipping":true,"taxable":true,"position":1,"product_id":2759192387,"created_at":"2015-09-23T20:52:07-04:00","updated_at":"2015-09-23T20:52:07-04:00","available":true,"featured_image":null}],"images":[{"id":5642056899,"created_at":"2015-09-23T20:52:07-04:00","position":1,"updated_at":"2015-09-23T20:52:07-04:00","product_id":2759192387,"variant_ids":[],"src":"https:\/\/cdn.shopify.com\/s\/files\/1\/1000\/7970\/products\/Heavy_20Duty_20Concrete_20Keyboard.png?v=1443055927"}],"options":[{"name":"Title","position":1,"values":["Magenta"]}]},{"id":2759191619,"title":"Small Rubber Wallet","handle":"small-rubber-wallet","body_html":"Seize front-end e-commerce","published_at":"2015-09-23T20:52:06-04:00","created_at":"2015-09-23T20:52:06-04:00","updated_at":"2015-09-23T20:52:06-04:00","vendor":"Abernathy-Bechtelar","product_type":"Wallet","tags":["Rubber","Small","Wallet"],"variants":[{"id":8041882755,"title":"Blue","option1":"Blue","option2":null,"option3":null,"price":"29.33","grams":7380,"compare_at_price":null,"sku":"","requires_shipping":true,"taxable":true,"position":1,"product_id":2759191619,"created_at":"2015-09-23T20:52:06-04:00","updated_at":"2015-09-23T20:52:06-04:00","available":true,"featured_image":null},{"id":8041882819,"title":"Turquoise","option1":"Turquoise","option2":null,"option3":null,"price":"18.50","grams":8124,"compare_at_price":null,"sku":"","requires_shipping":true,"taxable":true,"position":2,"product_id":2759191619,"created_at":"2015-09-23T20:52:06-04:00","updated_at":"2015-09-23T20:52:06-04:00","available":true,"featured_image":null}],"images":[{"id":5642056259,"created_at":"2015-09-23T20:52:06-04:00","position":1,"updated_at":"2015-09-23T20:52:06-04:00","product_id":2759191619,"variant_ids":[],"src":"https:\/\/cdn.shopify.com\/s\/files\/1\/1000\/7970\/products\/Small_20Rubber_20Wallet.png?v=1443055926"}],"options":[{"name":"Title","position":1,"values":["Blue","Turquoise"]}]},{"id":2759190723,"title":"Heavy Duty Wooden Knife","handle":"heavy-duty-wooden-knife","body_html":"Reintermediate b2c systems","published_at":"2015-09-23T20:52:05-04:00","created_at":"2015-09-23T20:52:05-04:00","updated_at":"2015-09-23T20:52:05-04:00","vendor":"Runte, Wunsch and Wintheiser","product_type":"Knife","tags":["Duty","Heavy","Knife","Wooden"],"variants":[{"id":8041881731,"title":"Red","option1":"Red","option2":null,"option3":null,"price":"73.99","grams":9542,"compare_at_price":null,"sku":"","requires_shipping":true,"taxable":true,"position":1,"product_id":2759190723,"created_at":"2015-09-23T20:52:05-04:00","updated_at":"2015-09-23T20:52:05-04:00","available":true,"featured_image":null},{"id":8041881795,"title":"Olive","option1":"Olive","option2":null,"option3":null,"price":"38.04","grams":5796,"compare_at_price":null,"sku":"","requires_shipping":true,"taxable":true,"position":2,"product_id":2759190723,"created_at":"2015-09-23T20:52:05-04:00","updated_at":"2015-09-23T20:52:05-04:00","available":true,"featured_image":null}],"images":[{"id":5642055939,"created_at":"2015-09-23T20:52:05-04:00","position":1,"updated_at":"2015-09-23T20:52:05-04:00","product_id":2759190723,"variant_ids":[],"src":"https:\/\/cdn.shopify.com\/s\/files\/1\/1000\/7970\/products\/Heavy_20Duty_20Wooden_20Knife.png?v=1443055925"}],"options":[{"name":"Title","position":1,"values":["Red","Olive"]}]},{"id":2759189827,"title":"Mediocre Silk Car","handle":"mediocre-silk-car","body_html":"Empower collaborative paradigms","published_at":"2015-09-23T20:52:03-04:00","created_at":"2015-09-23T20:52:03-04:00","updated_at":"2015-09-23T20:52:03-04:00","vendor":"Murray LLC","product_type":"Car","tags":["Car","Mediocre","Silk"],"variants":[{"id":8041879939,"title":"Ivory","option1":"Ivory","option2":null,"option3":null,"price":"57.20","grams":5051,"compare_at_price":null,"sku":"","requires_shipping":true,"taxable":true,"position":1,"product_id":2759189827,"created_at":"2015-09-23T20:52:03-04:00","updated_at":"2015-09-23T20:52:03-04:00","available":true,"featured_image":null},{"id":8041880003,"title":"Blue","option1":"Blue","option2":null,"option3":null,"price":"30.88","grams":2999,"compare_at_price":null,"sku":"","requires_shipping":true,"taxable":true,"position":2,"product_id":2759189827,"created_at":"2015-09-23T20:52:03-04:00","updated_at":"2015-09-23T20:52:03-04:00","available":true,"featured_image":null},{"id":8041880131,"title":"Violet","option1":"Violet","option2":null,"option3":null,"price":"50.97","grams":2461,"compare_at_price":null,"sku":"","requires_shipping":true,"taxable":true,"position":3,"product_id":2759189827,"created_at":"2015-09-23T20:52:03-04:00","updated_at":"2015-09-23T20:52:03-04:00","available":true,"featured_image":null}],"images":[{"id":5642053635,"created_at":"2015-09-23T20:52:03-04:00","position":1,"updated_at":"2015-09-23T20:52:03-04:00","product_id":2759189827,"variant_ids":[],"src":"https:\/\/cdn.shopify.com\/s\/files\/1\/1000\/7970\/products\/Mediocre_20Silk_20Car.png?v=1443055923"}],"options":[{"name":"Title","position":1,"values":["Ivory","Blue","Violet"]}]},{"id":2759187843,"title":"Synergistic Rubber Coat","handle":"synergistic-rubber-coat","body_html":"Deploy wireless e-commerce","published_at":"2015-09-23T20:52:01-04:00","created_at":"2015-09-23T20:52:01-04:00","updated_at":"2015-09-23T20:52:01-04:00","vendor":"Rowe-Haag","product_type":"Coat","tags":["Coat","Rubber","Synergistic"],"variants":[{"id":8041876803,"title":"Purple","option1":"Purple","option2":null,"option3":null,"price":"41.52","grams":7245,"compare_at_price":null,"sku":"","requires_shipping":true,"taxable":true,"position":1,"product_id":2759187843,"created_at":"2015-09-23T20:52:01-04:00","updated_at":"2015-09-23T20:52:01-04:00","available":true,"featured_image":null},{"id":8041876931,"title":"Sky blue","option1":"Sky blue","option2":null,"option3":null,"price":"78.91","grams":7056,"compare_at_price":null,"sku":"","requires_shipping":true,"taxable":true,"position":2,"product_id":2759187843,"created_at":"2015-09-23T20:52:01-04:00","updated_at":"2015-09-23T20:52:01-04:00","available":true,"featured_image":null},{"id":8041877059,"title":"Lime","option1":"Lime","option2":null,"option3":null,"price":"3.25","grams":6656,"compare_at_price":null,"sku":"","requires_shipping":true,"taxable":true,"position":3,"product_id":2759187843,"created_at":"2015-09-23T20:52:01-04:00","updated_at":"2015-09-23T20:52:01-04:00","available":true,"featured_image":null}],"images":[{"id":5642051843,"created_at":"2015-09-23T20:52:01-04:00","position":1,"updated_at":"2015-09-23T20:52:01-04:00","product_id":2759187843,"variant_ids":[],"src":"https:\/\/cdn.shopify.com\/s\/files\/1\/1000\/7970\/products\/Synergistic_20Rubber_20Coat.png?v=1443055921"}],"options":[{"name":"Title","position":1,"values":["Purple","Sky blue","Lime"]}]},{"id":2759183939,"title":"Intelligent Rubber Lamp","handle":"intelligent-rubber-lamp","body_html":"Mesh cross-media web-readiness","published_at":"2015-09-23T20:51:56-04:00","created_at":"2015-09-23T20:51:56-04:00","updated_at":"2015-09-23T20:51:56-04:00","vendor":"Haag, O'Reilly and Hartmann","product_type":"Lamp","tags":["Intelligent","Lamp","Rubber"],"variants":[{"id":8041871939,"title":"Silver","option1":"Silver","option2":null,"option3":null,"price":"0.77","grams":9189,"compare_at_price":null,"sku":"","requires_shipping":true,"taxable":true,"position":1,"product_id":2759183939,"created_at":"2015-09-23T20:51:56-04:00","updated_at":"2015-09-23T20:51:56-04:00","available":true,"featured_image":null},{"id":8041872003,"title":"White","option1":"White","option2":null,"option3":null,"price":"89.61","grams":8199,"compare_at_price":null,"sku":"","requires_shipping":true,"taxable":true,"position":2,"product_id":2759183939,"created_at":"2015-09-23T20:51:56-04:00","updated_at":"2015-09-23T20:51:56-04:00","available":true,"featured_image":null},{"id":8041872067,"title":"Orange","option1":"Orange","option2":null,"option3":null,"price":"97.42","grams":9241,"compare_at_price":null,"sku":"","requires_shipping":true,"taxable":true,"position":3,"product_id":2759183939,"created_at":"2015-09-23T20:51:56-04:00","updated_at":"2015-09-23T20:51:56-04:00","available":true,"featured_image":null}],"images":[{"id":5642049667,"created_at":"2015-09-23T20:51:56-04:00","position":1,"updated_at":"2015-09-23T20:51:56-04:00","product_id":2759183939,"variant_ids":[],"src":"https:\/\/cdn.shopify.com\/s\/files\/1\/1000\/7970\/products\/Intelligent_20Rubber_20Lamp.png?v=1443055916"}],"options":[{"name":"Title","position":1,"values":["Silver","White","Orange"]}]},{"id":2759181315,"title":"Intelligent Cotton Wallet","handle":"intelligent-cotton-wallet","body_html":"Scale 24\/365 architectures","published_at":"2015-09-23T20:51:53-04:00","created_at":"2015-09-23T20:51:53-04:00","updated_at":"2015-09-23T20:51:53-04:00","vendor":"Hessel, Bergstrom and Swaniawski","product_type":"Wallet","tags":["Cotton","Intelligent","Wallet"],"variants":[{"id":8041867587,"title":"White","option1":"White","option2":null,"option3":null,"price":"17.97","grams":4956,"compare_at_price":null,"sku":"","requires_shipping":true,"taxable":true,"position":1,"product_id":2759181315,"created_at":"2015-09-23T20:51:53-04:00","updated_at":"2015-09-23T20:51:53-04:00","available":true,"featured_image":null},{"id":8041867651,"title":"Turquoise","option1":"Turquoise","option2":null,"option3":null,"price":"44.53","grams":4907,"compare_at_price":null,"sku":"","requires_shipping":true,"taxable":true,"position":2,"product_id":2759181315,"created_at":"2015-09-23T20:51:53-04:00","updated_at":"2015-09-23T20:51:53-04:00","available":true,"featured_image":null},{"id":8041867779,"title":"Azure","option1":"Azure","option2":null,"option3":null,"price":"45.34","grams":1707,"compare_at_price":null,"sku":"","requires_shipping":true,"taxable":true,"position":3,"product_id":2759181315,"created_at":"2015-09-23T20:51:53-04:00","updated_at":"2015-09-23T20:51:53-04:00","available":true,"featured_image":null},{"id":8041867843,"title":"Ivory","option1":"Ivory","option2":null,"option3":null,"price":"54.44","grams":1330,"compare_at_price":null,"sku":"","requires_shipping":true,"taxable":true,"position":4,"product_id":2759181315,"created_at":"2015-09-23T20:51:53-04:00","updated_at":"2015-09-23T20:51:53-04:00","available":true,"featured_image":null},{"id":8041867907,"title":"Sky blue","option1":"Sky blue","option2":null,"option3":null,"price":"92.91","grams":430,"compare_at_price":null,"sku":"","requires_shipping":true,"taxable":true,"position":5,"product_id":2759181315,"created_at":"2015-09-23T20:51:53-04:00","updated_at":"2015-09-23T20:51:53-04:00","available":true,"featured_image":null},{"id":8041867971,"title":"Olive","option1":"Olive","option2":null,"option3":null,"price":"87.30","grams":2283,"compare_at_price":null,"sku":"","requires_shipping":true,"taxable":true,"position":6,"product_id":2759181315,"created_at":"2015-09-23T20:51:53-04:00","updated_at":"2015-09-23T20:51:53-04:00","available":true,"featured_image":null},{"id":8041868099,"title":"Orchid","option1":"Orchid","option2":null,"option3":null,"price":"12.89","grams":7078,"compare_at_price":null,"sku":"","requires_shipping":true,"taxable":true,"position":7,"product_id":2759181315,"created_at":"2015-09-23T20:51:53-04:00","updated_at":"2015-09-23T20:51:53-04:00","available":true,"featured_image":null}],"images":[{"id":5642047491,"created_at":"2015-09-23T20:51:53-04:00","position":1,"updated_at":"2015-09-23T20:51:53-04:00","product_id":2759181315,"variant_ids":[],"src":"https:\/\/cdn.shopify.com\/s\/files\/1\/1000\/7970\/products\/Intelligent_20Cotton_20Wallet.png?v=1443055913"}],"options":[{"name":"Title","position":1,"values":["White","Turquoise","Azure","Ivory","Sky blue","Olive","Orchid"]}]},{"id":2759180227,"title":"Aerodynamic Wooden Table","handle":"aerodynamic-wooden-table","body_html":"Matrix turn-key applications","published_at":"2015-09-23T20:51:51-04:00","created_at":"2015-09-23T20:51:51-04:00","updated_at":"2015-09-23T20:51:51-04:00","vendor":"Weimann-Keebler","product_type":"Table","tags":["Aerodynamic","Table","Wooden"],"variants":[{"id":8041866243,"title":"Magenta","option1":"Magenta","option2":null,"option3":null,"price":"29.84","grams":5953,"compare_at_price":null,"sku":"","requires_shipping":true,"taxable":true,"position":1,"product_id":2759180227,"created_at":"2015-09-23T20:51:51-04:00","updated_at":"2015-09-23T20:51:51-04:00","available":true,"featured_image":null},{"id":8041866307,"title":"Maroon","option1":"Maroon","option2":null,"option3":null,"price":"44.22","grams":5261,"compare_at_price":null,"sku":"","requires_shipping":true,"taxable":true,"position":2,"product_id":2759180227,"created_at":"2015-09-23T20:51:51-04:00","updated_at":"2015-09-23T20:51:51-04:00","available":true,"featured_image":null}],"images":[{"id":5642046851,"created_at":"2015-09-23T20:51:51-04:00","position":1,"updated_at":"2015-09-23T20:51:51-04:00","product_id":2759180227,"variant_ids":[],"src":"https:\/\/cdn.shopify.com\/s\/files\/1\/1000\/7970\/products\/Aerodynamic_20Wooden_20Table.png?v=1443055911"}],"options":[{"name":"Title","position":1,"values":["Magenta","Maroon"]}]},{"id":2759179267,"title":"Practical Silk Chair","handle":"practical-silk-chair","body_html":"Scale cross-platform web services","published_at":"2015-09-23T20:51:50-04:00","created_at":"2015-09-23T20:51:50-04:00","updated_at":"2015-09-23T20:51:50-04:00","vendor":"Runolfsdottir-Yundt","product_type":"Chair","tags":["Chair","Practical","Silk"],"variants":[{"id":8041864323,"title":"Mint green","option1":"Mint green","option2":null,"option3":null,"price":"12.35","grams":6773,"compare_at_price":null,"sku":"","requires_shipping":true,"taxable":true,"position":1,"product_id":2759179267,"created_at":"2015-09-23T20:51:50-04:00","updated_at":"2015-09-23T20:51:50-04:00","available":true,"featured_image":null},{"id":8041864451,"title":"Blue","option1":"Blue","option2":null,"option3":null,"price":"86.30","grams":5045,"compare_at_price":null,"sku":"","requires_shipping":true,"taxable":true,"position":2,"product_id":2759179267,"created_at":"2015-09-23T20:51:50-04:00","updated_at":"2015-09-23T20:51:50-04:00","available":true,"featured_image":null},{"id":8041864515,"title":"White","option1":"White","option2":null,"option3":null,"price":"52.05","grams":475,"compare_at_price":null,"sku":"","requires_shipping":true,"taxable":true,"position":3,"product_id":2759179267,"created_at":"2015-09-23T20:51:50-04:00","updated_at":"2015-09-23T20:51:50-04:00","available":true,"featured_image":null},{"id":8041864579,"title":"Cyan","option1":"Cyan","option2":null,"option3":null,"price":"83.71","grams":1787,"compare_at_price":null,"sku":"","requires_shipping":true,"taxable":true,"position":4,"product_id":2759179267,"created_at":"2015-09-23T20:51:50-04:00","updated_at":"2015-09-23T20:51:50-04:00","available":true,"featured_image":null},{"id":8041864643,"title":"Orange","option1":"Orange","option2":null,"option3":null,"price":"38.25","grams":7276,"compare_at_price":null,"sku":"","requires_shipping":true,"taxable":true,"position":5,"product_id":2759179267,"created_at":"2015-09-23T20:51:50-04:00","updated_at":"2015-09-23T20:51:50-04:00","available":true,"featured_image":null},{"id":8041864707,"title":"Plum","option1":"Plum","option2":null,"option3":null,"price":"65.92","grams":4746,"compare_at_price":null,"sku":"","requires_shipping":true,"taxable":true,"position":6,"product_id":2759179267,"created_at":"2015-09-23T20:51:50-04:00","updated_at":"2015-09-23T20:51:50-04:00","available":true,"featured_image":null},{"id":8041864899,"title":"Red","option1":"Red","option2":null,"option3":null,"price":"47.78","grams":2068,"compare_at_price":null,"sku":"","requires_shipping":true,"taxable":true,"position":7,"product_id":2759179267,"created_at":"2015-09-23T20:51:50-04:00","updated_at":"2015-09-23T20:51:50-04:00","available":true,"featured_image":null},{"id":8041864963,"title":"Azure","option1":"Azure","option2":null,"option3":null,"price":"33.38","grams":8461,"compare_at_price":null,"sku":"","requires_shipping":true,"taxable":true,"position":8,"product_id":2759179267,"created_at":"2015-09-23T20:51:50-04:00","updated_at":"2015-09-23T20:51:50-04:00","available":true,"featured_image":null},{"id":8041865091,"title":"Olive","option1":"Olive","option2":null,"option3":null,"price":"23.09","grams":7264,"compare_at_price":null,"sku":"","requires_shipping":true,"taxable":true,"position":9,"product_id":2759179267,"created_at":"2015-09-23T20:51:50-04:00","updated_at":"2015-09-23T20:51:50-04:00","available":true,"featured_image":null},{"id":8041865155,"title":"Teal","option1":"Teal","option2":null,"option3":null,"price":"52.69","grams":4219,"compare_at_price":null,"sku":"","requires_shipping":true,"taxable":true,"position":10,"product_id":2759179267,"created_at":"2015-09-23T20:51:50-04:00","updated_at":"2015-09-23T20:51:50-04:00","available":true,"featured_image":null}],"images":[{"id":5642046403,"created_at":"2015-09-23T20:51:50-04:00","position":1,"updated_at":"2015-09-23T20:51:50-04:00","product_id":2759179267,"variant_ids":[],"src":"https:\/\/cdn.shopify.com\/s\/files\/1\/1000\/7970\/products\/Practical_20Silk_20Chair.png?v=1443055910"}],"options":[{"name":"Title","position":1,"values":["Mint green","Blue","White","Cyan","Orange","Plum","Red","Azure","Olive","Teal"]}]},{"id":2759178563,"title":"Ergonomic Paper Computer","handle":"ergonomic-paper-computer","body_html":"Enable turn-key infrastructures","published_at":"2015-09-23T20:51:49-04:00","created_at":"2015-09-23T20:51:49-04:00","updated_at":"2015-09-23T20:51:49-04:00","vendor":"Schinner Inc","product_type":"Computer","tags":["Computer","Ergonomic","Paper"],"variants":[{"id":8041863299,"title":"White","option1":"White","option2":null,"option3":null,"price":"67.25","grams":5145,"compare_at_price":null,"sku":"","requires_shipping":true,"taxable":true,"position":1,"product_id":2759178563,"created_at":"2015-09-23T20:51:49-04:00","updated_at":"2015-09-23T20:51:49-04:00","available":true,"featured_image":null},{"id":8041863363,"title":"Mint green","option1":"Mint green","option2":null,"option3":null,"price":"29.58","grams":6860,"compare_at_price":null,"sku":"","requires_shipping":true,"taxable":true,"position":2,"product_id":2759178563,"created_at":"2015-09-23T20:51:49-04:00","updated_at":"2015-09-23T20:51:49-04:00","available":true,"featured_image":null},{"id":8041863491,"title":"Yellow","option1":"Yellow","option2":null,"option3":null,"price":"54.19","grams":6045,"compare_at_price":null,"sku":"","requires_shipping":true,"taxable":true,"position":3,"product_id":2759178563,"created_at":"2015-09-23T20:51:49-04:00","updated_at":"2015-09-23T20:51:49-04:00","available":true,"featured_image":null},{"id":8041863555,"title":"Blue","option1":"Blue","option2":null,"option3":null,"price":"22.88","grams":9526,"compare_at_price":null,"sku":"","requires_shipping":true,"taxable":true,"position":4,"product_id":2759178563,"created_at":"2015-09-23T20:51:49-04:00","updated_at":"2015-09-23T20:51:49-04:00","available":true,"featured_image":null}],"images":[{"id":5642046019,"created_at":"2015-09-23T20:51:49-04:00","position":1,"updated_at":"2015-09-23T20:51:49-04:00","product_id":2759178563,"variant_ids":[],"src":"https:\/\/cdn.shopify.com\/s\/files\/1\/1000\/7970\/products\/Ergonomic_20Paper_20Computer.png?v=1443055909"}],"options":[{"name":"Title","position":1,"values":["White","Mint green","Yellow","Blue"]}]},{"id":2759176835,"title":"Heavy Duty Marble Chair","handle":"heavy-duty-marble-chair","body_html":"Cultivate clicks-and-mortar infrastructures","published_at":"2015-09-23T20:51:46-04:00","created_at":"2015-09-23T20:51:46-04:00","updated_at":"2015-09-23T20:51:47-04:00","vendor":"Ryan-Wintheiser","product_type":"Chair","tags":["Chair","Duty","Heavy","Marble"],"variants":[{"id":8041859843,"title":"Sky blue","option1":"Sky blue","option2":null,"option3":null,"price":"30.43","grams":6883,"compare_at_price":null,"sku":"","requires_shipping":true,"taxable":true,"position":1,"product_id":2759176835,"created_at":"2015-09-23T20:51:46-04:00","updated_at":"2015-09-23T20:51:46-04:00","available":true,"featured_image":null},{"id":8041859907,"title":"Turquoise","option1":"Turquoise","option2":null,"option3":null,"price":"26.11","grams":1868,"compare_at_price":null,"sku":"","requires_shipping":true,"taxable":true,"position":2,"product_id":2759176835,"created_at":"2015-09-23T20:51:46-04:00","updated_at":"2015-09-23T20:51:46-04:00","available":true,"featured_image":null},{"id":8041859971,"title":"White","option1":"White","option2":null,"option3":null,"price":"15.66","grams":9278,"compare_at_price":null,"sku":"","requires_shipping":true,"taxable":true,"position":3,"product_id":2759176835,"created_at":"2015-09-23T20:51:46-04:00","updated_at":"2015-09-23T20:51:46-04:00","available":true,"featured_image":null},{"id":8041860099,"title":"Mint green","option1":"Mint green","option2":null,"option3":null,"price":"71.96","grams":7451,"compare_at_price":null,"sku":"","requires_shipping":true,"taxable":true,"position":4,"product_id":2759176835,"created_at":"2015-09-23T20:51:47-04:00","updated_at":"2015-09-23T20:51:47-04:00","available":true,"featured_image":null},{"id":8041860163,"title":"Purple","option1":"Purple","option2":null,"option3":null,"price":"27.94","grams":1930,"compare_at_price":null,"sku":"","requires_shipping":true,"taxable":true,"position":5,"product_id":2759176835,"created_at":"2015-09-23T20:51:47-04:00","updated_at":"2015-09-23T20:51:47-04:00","available":true,"featured_image":null}],"images":[{"id":5642044163,"created_at":"2015-09-23T20:51:46-04:00","position":1,"updated_at":"2015-09-23T20:51:46-04:00","product_id":2759176835,"variant_ids":[],"src":"https:\/\/cdn.shopify.com\/s\/files\/1\/1000\/7970\/products\/Heavy_20Duty_20Marble_20Chair.png?v=1443055906"}],"options":[{"name":"Title","position":1,"values":["Sky blue","Turquoise","White","Mint green","Purple"]}]},{"id":2759175875,"title":"Gorgeous Paper Hat","handle":"gorgeous-paper-hat","body_html":"Benchmark turn-key e-tailers","published_at":"2015-09-23T20:51:45-04:00","created_at":"2015-09-23T20:51:45-04:00","updated_at":"2015-09-23T20:51:45-04:00","vendor":"Towne Group","product_type":"Hat","tags":["Gorgeous","Hat","Paper"],"variants":[{"id":8041858627,"title":"Purple","option1":"Purple","option2":null,"option3":null,"price":"6.11","grams":4851,"compare_at_price":null,"sku":"","requires_shipping":true,"taxable":true,"position":1,"product_id":2759175875,"created_at":"2015-09-23T20:51:45-04:00","updated_at":"2015-09-23T20:51:45-04:00","available":true,"featured_image":null},{"id":8041858691,"title":"Magenta","option1":"Magenta","option2":null,"option3":null,"price":"92.31","grams":9809,"compare_at_price":null,"sku":"","requires_shipping":true,"taxable":true,"position":2,"product_id":2759175875,"created_at":"2015-09-23T20:51:45-04:00","updated_at":"2015-09-23T20:51:45-04:00","available":true,"featured_image":null},{"id":8041858755,"title":"White","option1":"White","option2":null,"option3":null,"price":"94.71","grams":3608,"compare_at_price":null,"sku":"","requires_shipping":true,"taxable":true,"position":3,"product_id":2759175875,"created_at":"2015-09-23T20:51:45-04:00","updated_at":"2015-09-23T20:51:45-04:00","available":true,"featured_image":null},{"id":8041858883,"title":"Orange","option1":"Orange","option2":null,"option3":null,"price":"92.20","grams":9081,"compare_at_price":null,"sku":"","requires_shipping":true,"taxable":true,"position":4,"product_id":2759175875,"created_at":"2015-09-23T20:51:45-04:00","updated_at":"2015-09-23T20:51:45-04:00","available":true,"featured_image":null},{"id":8041858947,"title":"Tan","option1":"Tan","option2":null,"option3":null,"price":"61.35","grams":162,"compare_at_price":null,"sku":"","requires_shipping":true,"taxable":true,"position":5,"product_id":2759175875,"created_at":"2015-09-23T20:51:45-04:00","updated_at":"2015-09-23T20:51:45-04:00","available":true,"featured_image":null}],"images":[{"id":5642043459,"created_at":"2015-09-23T20:51:45-04:00","position":1,"updated_at":"2015-09-23T20:51:45-04:00","product_id":2759175875,"variant_ids":[],"src":"https:\/\/cdn.shopify.com\/s\/files\/1\/1000\/7970\/products\/Gorgeous_20Paper_20Hat.png?v=1443055905"}],"options":[{"name":"Title","position":1,"values":["Purple","Magenta","White","Orange","Tan"]}]},{"id":2759173059,"title":"Enormous Leather Lamp","handle":"enormous-leather-lamp","body_html":"Engage out-of-the-box interfaces","published_at":"2015-09-23T20:51:41-04:00","created_at":"2015-09-23T20:51:41-04:00","updated_at":"2015-09-23T20:51:41-04:00","vendor":"Legros-Wilkinson","product_type":"Lamp","tags":["Enormous","Lamp","Leather"],"variants":[{"id":8041854083,"title":"Azure","option1":"Azure","option2":null,"option3":null,"price":"65.99","grams":9662,"compare_at_price":null,"sku":"","requires_shipping":true,"taxable":true,"position":1,"product_id":2759173059,"created_at":"2015-09-23T20:51:41-04:00","updated_at":"2015-09-23T20:51:41-04:00","available":true,"featured_image":null},{"id":8041854147,"title":"Salmon","option1":"Salmon","option2":null,"option3":null,"price":"1.66","grams":5810,"compare_at_price":null,"sku":"","requires_shipping":true,"taxable":true,"position":2,"product_id":2759173059,"created_at":"2015-09-23T20:51:41-04:00","updated_at":"2015-09-23T20:51:41-04:00","available":true,"featured_image":null}],"images":[{"id":5642041283,"created_at":"2015-09-23T20:51:41-04:00","position":1,"updated_at":"2015-09-23T20:51:41-04:00","product_id":2759173059,"variant_ids":[],"src":"https:\/\/cdn.shopify.com\/s\/files\/1\/1000\/7970\/products\/Enormous_20Leather_20Lamp.png?v=1443055901"}],"options":[{"name":"Title","position":1,"values":["Azure","Salmon"]}]},{"id":2759172035,"title":"Sleek Cotton Shoes","handle":"sleek-cotton-shoes","body_html":"Benchmark leading-edge technologies","published_at":"2015-09-23T20:51:40-04:00","created_at":"2015-09-23T20:51:40-04:00","updated_at":"2015-09-23T20:51:40-04:00","vendor":"Glover Group","product_type":"Shoes","tags":["Cotton","Shoes","Sleek"],"variants":[{"id":8041852739,"title":"Sky blue","option1":"Sky blue","option2":null,"option3":null,"price":"20.00","grams":9793,"compare_at_price":null,"sku":"","requires_shipping":true,"taxable":true,"position":1,"product_id":2759172035,"created_at":"2015-09-23T20:51:40-04:00","updated_at":"2015-09-23T20:51:40-04:00","available":true,"featured_image":null},{"id":8041852803,"title":"Orange","option1":"Orange","option2":null,"option3":null,"price":"0.60","grams":2679,"compare_at_price":null,"sku":"","requires_shipping":true,"taxable":true,"position":2,"product_id":2759172035,"created_at":"2015-09-23T20:51:40-04:00","updated_at":"2015-09-23T20:51:40-04:00","available":true,"featured_image":null},{"id":8041852867,"title":"Azure","option1":"Azure","option2":null,"option3":null,"price":"64.38","grams":2304,"compare_at_price":null,"sku":"","requires_shipping":true,"taxable":true,"position":3,"product_id":2759172035,"created_at":"2015-09-23T20:51:40-04:00","updated_at":"2015-09-23T20:51:40-04:00","available":true,"featured_image":null},{"id":8041852931,"title":"Orchid","option1":"Orchid","option2":null,"option3":null,"price":"45.09","grams":5103,"compare_at_price":null,"sku":"","requires_shipping":true,"taxable":true,"position":4,"product_id":2759172035,"created_at":"2015-09-23T20:51:40-04:00","updated_at":"2015-09-23T20:51:40-04:00","available":true,"featured_image":null},{"id":8041853059,"title":"Purple","option1":"Purple","option2":null,"option3":null,"price":"33.11","grams":3525,"compare_at_price":null,"sku":"","requires_shipping":true,"taxable":true,"position":5,"product_id":2759172035,"created_at":"2015-09-23T20:51:40-04:00","updated_at":"2015-09-23T20:51:40-04:00","available":true,"featured_image":null}],"images":[{"id":5642040451,"created_at":"2015-09-23T20:51:40-04:00","position":1,"updated_at":"2015-09-23T20:51:40-04:00","product_id":2759172035,"variant_ids":[],"src":"https:\/\/cdn.shopify.com\/s\/files\/1\/1000\/7970\/products\/Sleek_20Cotton_20Shoes.png?v=1443055900"}],"options":[{"name":"Title","position":1,"values":["Sky blue","Orange","Azure","Orchid","Purple"]}]},{"id":2759171587,"title":"Durable Concrete Lamp","handle":"durable-concrete-lamp","body_html":"Engage plug-and-play action-items","published_at":"2015-09-23T20:51:38-04:00","created_at":"2015-09-23T20:51:38-04:00","updated_at":"2015-09-23T20:51:39-04:00","vendor":"Treutel-Bahringer","product_type":"Lamp","tags":["Concrete","Durable","Lamp"],"variants":[{"id":8041852163,"title":"Orchid","option1":"Orchid","option2":null,"option3":null,"price":"44.23","grams":6815,"compare_at_price":null,"sku":"","requires_shipping":true,"taxable":true,"position":1,"product_id":2759171587,"created_at":"2015-09-23T20:51:39-04:00","updated_at":"2015-09-23T20:51:39-04:00","available":true,"featured_image":null},{"id":8041852227,"title":"Turquoise","option1":"Turquoise","option2":null,"option3":null,"price":"51.71","grams":4758,"compare_at_price":null,"sku":"","requires_shipping":true,"taxable":true,"position":2,"product_id":2759171587,"created_at":"2015-09-23T20:51:39-04:00","updated_at":"2015-09-23T20:51:39-04:00","available":true,"featured_image":null}],"images":[{"id":5642039811,"created_at":"2015-09-23T20:51:39-04:00","position":1,"updated_at":"2015-09-23T20:51:39-04:00","product_id":2759171587,"variant_ids":[],"src":"https:\/\/cdn.shopify.com\/s\/files\/1\/1000\/7970\/products\/Durable_20Concrete_20Lamp.png?v=1443055899"}],"options":[{"name":"Title","position":1,"values":["Orchid","Turquoise"]}]},{"id":2759170563,"title":"Enormous Marble Plate","handle":"enormous-marble-plate","body_html":"Brand value-added channels","published_at":"2015-09-23T20:51:34-04:00","created_at":"2015-09-23T20:51:34-04:00","updated_at":"2015-09-23T20:51:35-04:00","vendor":"Tillman-Gottlieb","product_type":"Plate","tags":["Enormous","Marble","Plate"],"variants":[{"id":8041850115,"title":"Purple","option1":"Purple","option2":null,"option3":null,"price":"76.10","grams":5977,"compare_at_price":null,"sku":"","requires_shipping":true,"taxable":true,"position":1,"product_id":2759170563,"created_at":"2015-09-23T20:51:35-04:00","updated_at":"2015-09-23T20:51:35-04:00","available":true,"featured_image":null},{"id":8041850243,"title":"Salmon","option1":"Salmon","option2":null,"option3":null,"price":"62.30","grams":5722,"compare_at_price":null,"sku":"","requires_shipping":true,"taxable":true,"position":2,"product_id":2759170563,"created_at":"2015-09-23T20:51:35-04:00","updated_at":"2015-09-23T20:51:35-04:00","available":true,"featured_image":null}],"images":[{"id":5642037827,"created_at":"2015-09-23T20:51:35-04:00","position":1,"updated_at":"2015-09-23T20:51:35-04:00","product_id":2759170563,"variant_ids":[],"src":"https:\/\/cdn.shopify.com\/s\/files\/1\/1000\/7970\/products\/Enormous_20Marble_20Plate.png?v=1443055895"}],"options":[{"name":"Title","position":1,"values":["Purple","Salmon"]}]},{"id":2759170371,"title":"Enormous Marble Hat","handle":"enormous-marble-hat","body_html":"Seize frictionless infrastructures","published_at":"2015-09-23T20:51:33-04:00","created_at":"2015-09-23T20:51:33-04:00","updated_at":"2015-09-23T20:51:33-04:00","vendor":"Anderson, Collier and Dickinson","product_type":"Hat","tags":["Enormous","Hat","Marble"],"variants":[{"id":8041849027,"title":"Indigo","option1":"Indigo","option2":null,"option3":null,"price":"72.08","grams":2687,"compare_at_price":null,"sku":"","requires_shipping":true,"taxable":true,"position":1,"product_id":2759170371,"created_at":"2015-09-23T20:51:33-04:00","updated_at":"2015-09-23T20:51:33-04:00","available":true,"featured_image":null},{"id":8041849091,"title":"Salmon","option1":"Salmon","option2":null,"option3":null,"price":"62.83","grams":4708,"compare_at_price":null,"sku":"","requires_shipping":true,"taxable":true,"position":2,"product_id":2759170371,"created_at":"2015-09-23T20:51:33-04:00","updated_at":"2015-09-23T20:51:33-04:00","available":true,"featured_image":null},{"id":8041849155,"title":"Purple","option1":"Purple","option2":null,"option3":null,"price":"5.62","grams":8615,"compare_at_price":null,"sku":"","requires_shipping":true,"taxable":true,"position":3,"product_id":2759170371,"created_at":"2015-09-23T20:51:33-04:00","updated_at":"2015-09-23T20:51:33-04:00","available":true,"featured_image":null},{"id":8041849219,"title":"Magenta","option1":"Magenta","option2":null,"option3":null,"price":"30.64","grams":738,"compare_at_price":null,"sku":"","requires_shipping":true,"taxable":true,"position":4,"product_id":2759170371,"created_at":"2015-09-23T20:51:33-04:00","updated_at":"2015-09-23T20:51:33-04:00","available":true,"featured_image":null},{"id":8041849283,"title":"Blue","option1":"Blue","option2":null,"option3":null,"price":"26.93","grams":5274,"compare_at_price":null,"sku":"","requires_shipping":true,"taxable":true,"position":5,"product_id":2759170371,"created_at":"2015-09-23T20:51:33-04:00","updated_at":"2015-09-23T20:51:33-04:00","available":true,"featured_image":null},{"id":8041849347,"title":"Green","option1":"Green","option2":null,"option3":null,"price":"64.99","grams":5017,"compare_at_price":null,"sku":"","requires_shipping":true,"taxable":true,"position":6,"product_id":2759170371,"created_at":"2015-09-23T20:51:33-04:00","updated_at":"2015-09-23T20:51:33-04:00","available":true,"featured_image":null},{"id":8041849411,"title":"Red","option1":"Red","option2":null,"option3":null,"price":"88.55","grams":7909,"compare_at_price":null,"sku":"","requires_shipping":true,"taxable":true,"position":7,"product_id":2759170371,"created_at":"2015-09-23T20:51:33-04:00","updated_at":"2015-09-23T20:51:33-04:00","available":true,"featured_image":null},{"id":8041849475,"title":"Fuchsia","option1":"Fuchsia","option2":null,"option3":null,"price":"14.81","grams":821,"compare_at_price":null,"sku":"","requires_shipping":true,"taxable":true,"position":8,"product_id":2759170371,"created_at":"2015-09-23T20:51:33-04:00","updated_at":"2015-09-23T20:51:33-04:00","available":true,"featured_image":null},{"id":8041849539,"title":"Orange","option1":"Orange","option2":null,"option3":null,"price":"80.00","grams":2279,"compare_at_price":null,"sku":"","requires_shipping":true,"taxable":true,"position":9,"product_id":2759170371,"created_at":"2015-09-23T20:51:33-04:00","updated_at":"2015-09-23T20:51:33-04:00","available":true,"featured_image":null}],"images":[{"id":5642036995,"created_at":"2015-09-23T20:51:33-04:00","position":1,"updated_at":"2015-09-23T20:51:33-04:00","product_id":2759170371,"variant_ids":[],"src":"https:\/\/cdn.shopify.com\/s\/files\/1\/1000\/7970\/products\/Enormous_20Marble_20Hat.png?v=1443055893"}],"options":[{"name":"Title","position":1,"values":["Indigo","Salmon","Purple","Magenta","Blue","Green","Red","Fuchsia","Orange"]}]},{"id":2759170115,"title":"Aerodynamic Rubber Shoes","handle":"aerodynamic-rubber-shoes","body_html":"Syndicate user-centric communities","published_at":"2015-09-23T20:51:32-04:00","created_at":"2015-09-23T20:51:32-04:00","updated_at":"2015-09-23T20:51:32-04:00","vendor":"Terry, Anderson and Jakubowski","product_type":"Shoes","tags":["Aerodynamic","Rubber","Shoes"],"variants":[{"id":8041847299,"title":"Olive","option1":"Olive","option2":null,"option3":null,"price":"59.98","grams":893,"compare_at_price":null,"sku":"","requires_shipping":true,"taxable":true,"position":1,"product_id":2759170115,"created_at":"2015-09-23T20:51:32-04:00","updated_at":"2015-09-23T20:51:32-04:00","available":true,"featured_image":null},{"id":8041847363,"title":"Teal","option1":"Teal","option2":null,"option3":null,"price":"64.44","grams":4439,"compare_at_price":null,"sku":"","requires_shipping":true,"taxable":true,"position":2,"product_id":2759170115,"created_at":"2015-09-23T20:51:32-04:00","updated_at":"2015-09-23T20:51:32-04:00","available":true,"featured_image":null},{"id":8041847427,"title":"Ivory","option1":"Ivory","option2":null,"option3":null,"price":"24.49","grams":6674,"compare_at_price":null,"sku":"","requires_shipping":true,"taxable":true,"position":3,"product_id":2759170115,"created_at":"2015-09-23T20:51:32-04:00","updated_at":"2015-09-23T20:51:32-04:00","available":true,"featured_image":null}],"images":[{"id":5642036547,"created_at":"2015-09-23T20:51:32-04:00","position":1,"updated_at":"2015-09-23T20:51:32-04:00","product_id":2759170115,"variant_ids":[],"src":"https:\/\/cdn.shopify.com\/s\/files\/1\/1000\/7970\/products\/Aerodynamic_20Rubber_20Shoes.png?v=1443055892"}],"options":[{"name":"Title","position":1,"values":["Olive","Teal","Ivory"]}]},{"id":2759169475,"title":"Ergonomic Wooden Pants","handle":"ergonomic-wooden-pants","body_html":"Syndicate interactive experiences","published_at":"2015-09-23T20:51:29-04:00","created_at":"2015-09-23T20:51:29-04:00","updated_at":"2015-09-23T20:51:29-04:00","vendor":"Sporer-Hyatt","product_type":"Pants","tags":["Ergonomic","Pants","Wooden"],"variants":[{"id":8041845379,"title":"Pink","option1":"Pink","option2":null,"option3":null,"price":"92.10","grams":6123,"compare_at_price":null,"sku":"","requires_shipping":true,"taxable":true,"position":1,"product_id":2759169475,"created_at":"2015-09-23T20:51:29-04:00","updated_at":"2015-09-23T20:51:29-04:00","available":true,"featured_image":null},{"id":8041845443,"title":"Red","option1":"Red","option2":null,"option3":null,"price":"92.37","grams":5753,"compare_at_price":null,"sku":"","requires_shipping":true,"taxable":true,"position":2,"product_id":2759169475,"created_at":"2015-09-23T20:51:29-04:00","updated_at":"2015-09-23T20:51:29-04:00","available":true,"featured_image":null},{"id":8041845507,"title":"Blue","option1":"Blue","option2":null,"option3":null,"price":"9.16","grams":3531,"compare_at_price":null,"sku":"","requires_shipping":true,"taxable":true,"position":3,"product_id":2759169475,"created_at":"2015-09-23T20:51:29-04:00","updated_at":"2015-09-23T20:51:29-04:00","available":true,"featured_image":null},{"id":8041845571,"title":"Yellow","option1":"Yellow","option2":null,"option3":null,"price":"18.11","grams":3381,"compare_at_price":null,"sku":"","requires_shipping":true,"taxable":true,"position":4,"product_id":2759169475,"created_at":"2015-09-23T20:51:29-04:00","updated_at":"2015-09-23T20:51:29-04:00","available":true,"featured_image":null}],"images":[{"id":5642034563,"created_at":"2015-09-23T20:51:29-04:00","position":1,"updated_at":"2015-09-23T20:51:29-04:00","product_id":2759169475,"variant_ids":[],"src":"https:\/\/cdn.shopify.com\/s\/files\/1\/1000\/7970\/products\/Ergonomic_20Wooden_20Pants.png?v=1443055889"}],"options":[{"name":"Title","position":1,"values":["Pink","Red","Blue","Yellow"]}]},{"id":2759169283,"title":"Durable Paper Pants","handle":"durable-paper-pants","body_html":"Mesh integrated functionalities","published_at":"2015-09-23T20:51:28-04:00","created_at":"2015-09-23T20:51:28-04:00","updated_at":"2015-09-23T20:51:28-04:00","vendor":"Will and Sons","product_type":"Pants","tags":["Durable","Pants","Paper"],"variants":[{"id":8041844803,"title":"Plum","option1":"Plum","option2":null,"option3":null,"price":"81.04","grams":8258,"compare_at_price":null,"sku":"","requires_shipping":true,"taxable":true,"position":1,"product_id":2759169283,"created_at":"2015-09-23T20:51:28-04:00","updated_at":"2015-09-23T20:51:28-04:00","available":true,"featured_image":null},{"id":8041844867,"title":"Purple","option1":"Purple","option2":null,"option3":null,"price":"2.38","grams":9770,"compare_at_price":null,"sku":"","requires_shipping":true,"taxable":true,"position":2,"product_id":2759169283,"created_at":"2015-09-23T20:51:28-04:00","updated_at":"2015-09-23T20:51:28-04:00","available":true,"featured_image":null},{"id":8041844931,"title":"Black","option1":"Black","option2":null,"option3":null,"price":"83.79","grams":4706,"compare_at_price":null,"sku":"","requires_shipping":true,"taxable":true,"position":3,"product_id":2759169283,"created_at":"2015-09-23T20:51:28-04:00","updated_at":"2015-09-23T20:51:28-04:00","available":true,"featured_image":null},{"id":8041844995,"title":"Green","option1":"Green","option2":null,"option3":null,"price":"78.80","grams":289,"compare_at_price":null,"sku":"","requires_shipping":true,"taxable":true,"position":4,"product_id":2759169283,"created_at":"2015-09-23T20:51:28-04:00","updated_at":"2015-09-23T20:51:28-04:00","available":true,"featured_image":null},{"id":8041845059,"title":"Grey","option1":"Grey","option2":null,"option3":null,"price":"47.30","grams":2340,"compare_at_price":null,"sku":"","requires_shipping":true,"taxable":true,"position":5,"product_id":2759169283,"created_at":"2015-09-23T20:51:28-04:00","updated_at":"2015-09-23T20:51:28-04:00","available":true,"featured_image":null},{"id":8041845123,"title":"Turquoise","option1":"Turquoise","option2":null,"option3":null,"price":"85.64","grams":4150,"compare_at_price":null,"sku":"","requires_shipping":true,"taxable":true,"position":6,"product_id":2759169283,"created_at":"2015-09-23T20:51:28-04:00","updated_at":"2015-09-23T20:51:28-04:00","available":true,"featured_image":null}],"images":[{"id":5642034371,"created_at":"2015-09-23T20:51:28-04:00","position":1,"updated_at":"2015-09-23T20:51:28-04:00","product_id":2759169283,"variant_ids":[],"src":"https:\/\/cdn.shopify.com\/s\/files\/1\/1000\/7970\/products\/Durable_20Paper_20Pants.png?v=1443055888"}],"options":[{"name":"Title","position":1,"values":["Plum","Purple","Black","Green","Grey","Turquoise"]}]},{"id":2759169091,"title":"Rustic Granite Lamp","handle":"rustic-granite-lamp","body_html":"Visualize viral bandwidth","published_at":"2015-09-23T20:51:27-04:00","created_at":"2015-09-23T20:51:27-04:00","updated_at":"2015-09-23T20:51:27-04:00","vendor":"Hermiston-Goodwin","product_type":"Lamp","tags":["Granite","Lamp","Rustic"],"variants":[{"id":8041844355,"title":"Black","option1":"Black","option2":null,"option3":null,"price":"5.49","grams":369,"compare_at_price":null,"sku":"","requires_shipping":true,"taxable":true,"position":1,"product_id":2759169091,"created_at":"2015-09-23T20:51:27-04:00","updated_at":"2015-09-23T20:51:27-04:00","available":true,"featured_image":null},{"id":8041844419,"title":"Orchid","option1":"Orchid","option2":null,"option3":null,"price":"4.99","grams":2411,"compare_at_price":null,"sku":"","requires_shipping":true,"taxable":true,"position":2,"product_id":2759169091,"created_at":"2015-09-23T20:51:27-04:00","updated_at":"2015-09-23T20:51:27-04:00","available":true,"featured_image":null},{"id":8041844483,"title":"Purple","option1":"Purple","option2":null,"option3":null,"price":"81.72","grams":9406,"compare_at_price":null,"sku":"","requires_shipping":true,"taxable":true,"position":3,"product_id":2759169091,"created_at":"2015-09-23T20:51:27-04:00","updated_at":"2015-09-23T20:51:27-04:00","available":true,"featured_image":null}],"images":[{"id":5642033859,"created_at":"2015-09-23T20:51:27-04:00","position":1,"updated_at":"2015-09-23T20:51:27-04:00","product_id":2759169091,"variant_ids":[],"src":"https:\/\/cdn.shopify.com\/s\/files\/1\/1000\/7970\/products\/Rustic_20Granite_20Lamp.png?v=1443055887"}],"options":[{"name":"Title","position":1,"values":["Black","Orchid","Purple"]}]},{"id":2759168835,"title":"Awesome Cotton Table","handle":"awesome-cotton-table","body_html":"Target clicks-and-mortar roi","published_at":"2015-09-23T20:51:26-04:00","created_at":"2015-09-23T20:51:26-04:00","updated_at":"2015-09-23T20:51:26-04:00","vendor":"Frami, Upton and Bauch","product_type":"Table","tags":["Awesome","Cotton","Table"],"variants":[{"id":8041843651,"title":"Plum","option1":"Plum","option2":null,"option3":null,"price":"67.40","grams":6863,"compare_at_price":null,"sku":"","requires_shipping":true,"taxable":true,"position":1,"product_id":2759168835,"created_at":"2015-09-23T20:51:26-04:00","updated_at":"2015-09-23T20:51:26-04:00","available":true,"featured_image":null}],"images":[{"id":5642033475,"created_at":"2015-09-23T20:51:26-04:00","position":1,"updated_at":"2015-09-23T20:51:26-04:00","product_id":2759168835,"variant_ids":[],"src":"https:\/\/cdn.shopify.com\/s\/files\/1\/1000\/7970\/products\/Awesome_20Cotton_20Table.png?v=1443055886"}],"options":[{"name":"Title","position":1,"values":["Plum"]}]},{"id":2759168323,"title":"Awesome Cotton Computer","handle":"awesome-cotton-computer-1","body_html":"Brand synergistic applications","published_at":"2015-09-23T20:51:24-04:00","created_at":"2015-09-23T20:51:24-04:00","updated_at":"2015-09-23T20:51:24-04:00","vendor":"Hills Group","product_type":"Computer","tags":["Awesome","Computer","Cotton"],"variants":[{"id":8041841795,"title":"Black","option1":"Black","option2":null,"option3":null,"price":"2.05","grams":1906,"compare_at_price":null,"sku":"","requires_shipping":true,"taxable":true,"position":1,"product_id":2759168323,"created_at":"2015-09-23T20:51:24-04:00","updated_at":"2015-09-23T20:51:24-04:00","available":true,"featured_image":null},{"id":8041841859,"title":"Orchid","option1":"Orchid","option2":null,"option3":null,"price":"10.78","grams":4970,"compare_at_price":null,"sku":"","requires_shipping":true,"taxable":true,"position":2,"product_id":2759168323,"created_at":"2015-09-23T20:51:24-04:00","updated_at":"2015-09-23T20:51:24-04:00","available":true,"featured_image":null},{"id":8041841923,"title":"Tan","option1":"Tan","option2":null,"option3":null,"price":"50.54","grams":6738,"compare_at_price":null,"sku":"","requires_shipping":true,"taxable":true,"position":3,"product_id":2759168323,"created_at":"2015-09-23T20:51:24-04:00","updated_at":"2015-09-23T20:51:24-04:00","available":true,"featured_image":null},{"id":8041841987,"title":"Teal","option1":"Teal","option2":null,"option3":null,"price":"91.51","grams":8718,"compare_at_price":null,"sku":"","requires_shipping":true,"taxable":true,"position":4,"product_id":2759168323,"created_at":"2015-09-23T20:51:24-04:00","updated_at":"2015-09-23T20:51:24-04:00","available":true,"featured_image":null},{"id":8041842051,"title":"Gold","option1":"Gold","option2":null,"option3":null,"price":"8.24","grams":194,"compare_at_price":null,"sku":"","requires_shipping":true,"taxable":true,"position":5,"product_id":2759168323,"created_at":"2015-09-23T20:51:24-04:00","updated_at":"2015-09-23T20:51:24-04:00","available":true,"featured_image":null}],"images":[{"id":5642032131,"created_at":"2015-09-23T20:51:24-04:00","position":1,"updated_at":"2015-09-23T20:51:24-04:00","product_id":2759168323,"variant_ids":[],"src":"https:\/\/cdn.shopify.com\/s\/files\/1\/1000\/7970\/products\/Awesome_20Cotton_20Computer_f74fc2a4-efa5-42ca-a3b2-36c378f1c003.png?v=1443055884"}],"options":[{"name":"Title","position":1,"values":["Black","Orchid","Tan","Teal","Gold"]}]},{"id":2759168195,"title":"Ergonomic Concrete Wallet","handle":"ergonomic-concrete-wallet","body_html":"Empower customized experiences","published_at":"2015-09-23T20:51:23-04:00","created_at":"2015-09-23T20:51:23-04:00","updated_at":"2015-09-23T20:51:23-04:00","vendor":"Wolf-Bergstrom","product_type":"Wallet","tags":["Concrete","Ergonomic","Wallet"],"variants":[{"id":8041841475,"title":"Cyan","option1":"Cyan","option2":null,"option3":null,"price":"59.68","grams":4574,"compare_at_price":null,"sku":"","requires_shipping":true,"taxable":true,"position":1,"product_id":2759168195,"created_at":"2015-09-23T20:51:23-04:00","updated_at":"2015-09-23T20:51:23-04:00","available":true,"featured_image":null},{"id":8041841539,"title":"Purple","option1":"Purple","option2":null,"option3":null,"price":"41.48","grams":2965,"compare_at_price":null,"sku":"","requires_shipping":true,"taxable":true,"position":2,"product_id":2759168195,"created_at":"2015-09-23T20:51:23-04:00","updated_at":"2015-09-23T20:51:23-04:00","available":true,"featured_image":null},{"id":8041841603,"title":"Fuchsia","option1":"Fuchsia","option2":null,"option3":null,"price":"37.56","grams":6248,"compare_at_price":null,"sku":"","requires_shipping":true,"taxable":true,"position":3,"product_id":2759168195,"created_at":"2015-09-23T20:51:23-04:00","updated_at":"2015-09-23T20:51:23-04:00","available":true,"featured_image":null}],"images":[{"id":5642032067,"created_at":"2015-09-23T20:51:23-04:00","position":1,"updated_at":"2015-09-23T20:51:23-04:00","product_id":2759168195,"variant_ids":[],"src":"https:\/\/cdn.shopify.com\/s\/files\/1\/1000\/7970\/products\/Ergonomic_20Concrete_20Wallet.png?v=1443055883"}],"options":[{"name":"Title","position":1,"values":["Cyan","Purple","Fuchsia"]}]},{"id":2759168003,"title":"Intelligent Wool Gloves","handle":"intelligent-wool-gloves","body_html":"Enable frictionless supply-chains","published_at":"2015-09-23T20:51:21-04:00","created_at":"2015-09-23T20:51:21-04:00","updated_at":"2015-09-23T20:51:21-04:00","vendor":"Luettgen Inc","product_type":"Gloves","tags":["Gloves","Intelligent","Wool"],"variants":[{"id":8041840963,"title":"Teal","option1":"Teal","option2":null,"option3":null,"price":"91.27","grams":2262,"compare_at_price":null,"sku":"","requires_shipping":true,"taxable":true,"position":1,"product_id":2759168003,"created_at":"2015-09-23T20:51:21-04:00","updated_at":"2015-09-23T20:51:21-04:00","available":true,"featured_image":null},{"id":8041841027,"title":"Mint green","option1":"Mint green","option2":null,"option3":null,"price":"62.78","grams":5949,"compare_at_price":null,"sku":"","requires_shipping":true,"taxable":true,"position":2,"product_id":2759168003,"created_at":"2015-09-23T20:51:21-04:00","updated_at":"2015-09-23T20:51:21-04:00","available":true,"featured_image":null},{"id":8041841091,"title":"Olive","option1":"Olive","option2":null,"option3":null,"price":"89.55","grams":8391,"compare_at_price":null,"sku":"","requires_shipping":true,"taxable":true,"position":3,"product_id":2759168003,"created_at":"2015-09-23T20:51:21-04:00","updated_at":"2015-09-23T20:51:21-04:00","available":true,"featured_image":null},{"id":8041841155,"title":"Red","option1":"Red","option2":null,"option3":null,"price":"24.96","grams":3294,"compare_at_price":null,"sku":"","requires_shipping":true,"taxable":true,"position":4,"product_id":2759168003,"created_at":"2015-09-23T20:51:21-04:00","updated_at":"2015-09-23T20:51:21-04:00","available":true,"featured_image":null}],"images":[{"id":5642031491,"created_at":"2015-09-23T20:51:21-04:00","position":1,"updated_at":"2015-09-23T20:51:21-04:00","product_id":2759168003,"variant_ids":[],"src":"https:\/\/cdn.shopify.com\/s\/files\/1\/1000\/7970\/products\/Intelligent_20Wool_20Gloves.png?v=1443055881"}],"options":[{"name":"Title","position":1,"values":["Teal","Mint green","Olive","Red"]}]},{"id":2759167747,"title":"Awesome Bronze Computer","handle":"awesome-bronze-computer","body_html":"Orchestrate holistic web services","published_at":"2015-09-23T20:51:20-04:00","created_at":"2015-09-23T20:51:20-04:00","updated_at":"2015-09-23T20:51:20-04:00","vendor":"Zboncak-Kemmer","product_type":"Computer","tags":["Awesome","Bronze","Computer"],"variants":[{"id":8041840195,"title":"Magenta","option1":"Magenta","option2":null,"option3":null,"price":"56.69","grams":6035,"compare_at_price":null,"sku":"","requires_shipping":true,"taxable":true,"position":1,"product_id":2759167747,"created_at":"2015-09-23T20:51:20-04:00","updated_at":"2015-09-23T20:51:20-04:00","available":true,"featured_image":null},{"id":8041840259,"title":"Mint green","option1":"Mint green","option2":null,"option3":null,"price":"63.89","grams":9961,"compare_at_price":null,"sku":"","requires_shipping":true,"taxable":true,"position":2,"product_id":2759167747,"created_at":"2015-09-23T20:51:20-04:00","updated_at":"2015-09-23T20:51:20-04:00","available":true,"featured_image":null},{"id":8041840323,"title":"Maroon","option1":"Maroon","option2":null,"option3":null,"price":"18.76","grams":922,"compare_at_price":null,"sku":"","requires_shipping":true,"taxable":true,"position":3,"product_id":2759167747,"created_at":"2015-09-23T20:51:20-04:00","updated_at":"2015-09-23T20:51:20-04:00","available":true,"featured_image":null},{"id":8041840387,"title":"Salmon","option1":"Salmon","option2":null,"option3":null,"price":"97.60","grams":1355,"compare_at_price":null,"sku":"","requires_shipping":true,"taxable":true,"position":4,"product_id":2759167747,"created_at":"2015-09-23T20:51:20-04:00","updated_at":"2015-09-23T20:51:20-04:00","available":true,"featured_image":null}],"images":[{"id":5642031235,"created_at":"2015-09-23T20:51:20-04:00","position":1,"updated_at":"2015-09-23T20:51:20-04:00","product_id":2759167747,"variant_ids":[],"src":"https:\/\/cdn.shopify.com\/s\/files\/1\/1000\/7970\/products\/Awesome_20Bronze_20Computer.png?v=1443055880"}],"options":[{"name":"Title","position":1,"values":["Magenta","Mint green","Maroon","Salmon"]}]},{"id":2759167427,"title":"Practical Silk Bag","handle":"practical-silk-bag","body_html":"Innovate distributed interfaces","published_at":"2015-09-23T20:51:19-04:00","created_at":"2015-09-23T20:51:19-04:00","updated_at":"2015-09-23T20:51:19-04:00","vendor":"Legros, Willms and Von","product_type":"Bag","tags":["Bag","Practical","Silk"],"variants":[{"id":8041838851,"title":"Salmon","option1":"Salmon","option2":null,"option3":null,"price":"57.00","grams":7718,"compare_at_price":null,"sku":"","requires_shipping":true,"taxable":true,"position":1,"product_id":2759167427,"created_at":"2015-09-23T20:51:19-04:00","updated_at":"2015-09-23T20:51:19-04:00","available":true,"featured_image":null}],"images":[{"id":5642030787,"created_at":"2015-09-23T20:51:19-04:00","position":1,"updated_at":"2015-09-23T20:51:19-04:00","product_id":2759167427,"variant_ids":[],"src":"https:\/\/cdn.shopify.com\/s\/files\/1\/1000\/7970\/products\/Practical_20Silk_20Bag.png?v=1443055879"}],"options":[{"name":"Title","position":1,"values":["Salmon"]}]}]}